Sub-Category,Sales,Share
Fasteners,3001.96,0.0013273982642970875
Labels,12347.726,0.0054598828966461975
Envelopes,16128.046,0.007131454205553567
Art,26705.41,0.011808523391831364
Supplies,46420.308,0.020526001767957002
Paper,76828.304,0.03397172426630901
Furnishings,89212.018,0.03944752023599266
Appliances,104618.403,0.04625987240194181
Bookcases,113813.1987,0.05032560140990537
Copiers,146248.094,0.0646675725633777
